lat,long,time,WaterTemperature,WindWaveDirection,currentDirection,CurrentSpeed
29.0,121.0,2019-08-18T00:00:00+00:00,30.01,180.0,,
29.0,121.0,2019-08-18T03:00:00+00:00,37.37,180.0,,
29.0,121.0,2019-08-18T06:00:00+00:00,34.64,108.25,,
29.0,121.0,2019-08-18T09:00:00+00:00,29.68,111.95,,
29.0,121.0,2019-08-18T12:00:00+00:00,23.32,180.0,,
29.0,121.0,2019-08-18T15:00:00+00:00,22.8,180.0,,
29.0,121.0,2019-08-18T18:00:00+00:00,22.08,180.0,,
29.0,121.0,2019-08-18T21:00:00+00:00,21.5,180.0,,
29.0,122.0,2019-08-18T00:00:00+00:00,29.75,72.85,177.61,72.85
29.0,122.0,2019-08-18T03:00:00+00:00,30.08,82.24,136.08,82.24
29.0,122.0,2019-08-18T06:00:00+00:00,30.42,69.88,147.6,69.88
29.0,122.0,2019-08-18T09:00:00+00:00,30.41,86.29,154.03,86.29
29.0,122.0,2019-08-18T12:00:00+00:00,30.12,96.26,175.83,96.26
29.0,122.0,2019-08-18T15:00:00+00:00,29.94,103.41,184.15,103.41
29.0,122.0,2019-08-18T18:00:00+00:00,29.85,69.46,188.49,69.46
29.0,122.0,2019-08-18T21:00:00+00:00,29.78,81.3,190.83,81.3
29.0,123.0,2019-08-18T00:00:00+00:00,29.58,54.25,198.0,54.25
29.0,123.0,2019-08-18T03:00:00+00:00,29.77,58.13,189.32,58.13
29.0,123.0,2019-08-18T06:00:00+00:00,30.05,60.14,179.59,60.14
29.0,123.0,2019-08-18T09:00:00+00:00,30.0,92.78,171.84,92.78
29.0,123.0,2019-08-18T12:00:00+00:00,29.78,95.75,171.08,95.75
29.0,123.0,2019-08-18T15:00:00+00:00,29.61,102.67,174.18,102.67
29.0,123.0,2019-08-18T18:00:00+00:00,29.48,80.86,181.63,80.86
29.0,123.0,2019-08-18T21:00:00+00:00,29.38,58.09,189.82,58.09
29.0,124.0,2019-08-18T00:00:00+00:00,28.77,22.71,214.05,22.71
29.0,124.0,2019-08-18T03:00:00+00:00,29.0,79.24,172.45,79.24
29.0,124.0,2019-08-18T06:00:00+00:00,29.34,77.34,157.93,77.34
29.0,124.0,2019-08-18T09:00:00+00:00,29.3,82.42,153.09,82.42
29.0,124.0,2019-08-18T12:00:00+00:00,29.08,83.69,160.02,83.69
29.0,124.0,2019-08-18T15:00:00+00:00,28.95,83.02,171.19,83.02
29.0,124.0,2019-08-18T18:00:00+00:00,28.86,88.47,186.29,88.47
29.0,124.0,2019-08-18T21:00:00+00:00,28.79,49.8,201.67,49.8
29.0,125.0,2019-08-18T00:00:00+00:00,29.15,76.95,250.51,76.95
29.0,125.0,2019-08-18T03:00:00+00:00,29.34,60.98,224.05,60.98
29.0,125.0,2019-08-18T06:00:00+00:00,29.71,68.22,210.26,68.22
29.0,125.0,2019-08-18T09:00:00+00:00,29.68,66.72,210.8,66.72
29.0,125.0,2019-08-18T12:00:00+00:00,29.43,74.44,222.43,74.44
29.0,125.0,2019-08-18T15:00:00+00:00,29.31,71.82,235.81,71.82
29.0,125.0,2019-08-18T18:00:00+00:00,29.23,89.93,250.69,89.93
29.0,125.0,2019-08-18T21:00:00+00:00,29.16,43.86,267.86,43.86
29.0,126.0,2019-08-18T00:00:00+00:00,29.23,128.91,243.68,128.91
29.0,126.0,2019-08-18T03:00:00+00:00,29.46,51.69,230.64,51.69
29.0,126.0,2019-08-18T06:00:00+00:00,29.85,60.27,218.05,60.27
29.0,126.0,2019-08-18T09:00:00+00:00,29.86,65.03,214.71,65.03
29.0,126.0,2019-08-18T12:00:00+00:00,29.57,66.16,219.11,66.16
29.0,126.0,2019-08-18T15:00:00+00:00,29.43,74.62,225.2,74.62
29.0,126.0,2019-08-18T18:00:00+00:00,29.35,79.3,230.23,79.3
29.0,126.0,2019-08-18T21:00:00+00:00,29.27,61.64,233.32,61.64
29.0,127.0,2019-08-18T00:00:00+00:00,29.32,220.01,225.32,220.01
29.0,127.0,2019-08-18T03:00:00+00:00,29.6,54.89,217.8,54.89
29.0,127.0,2019-08-18T06:00:00+00:00,29.97,63.57,209.58,63.57
29.0,127.0,2019-08-18T09:00:00+00:00,29.91,60.59,205.5,60.59
29.0,127.0,2019-08-18T12:00:00+00:00,29.63,75.18,205.47,75.18
29.0,127.0,2019-08-18T15:00:00+00:00,29.48,88.33,207.77,88.33
29.0,127.0,2019-08-18T18:00:00+00:00,29.39,95.53,210.67,95.53
29.0,127.0,2019-08-18T21:00:00+00:00,29.32,73.92,212.63,73.92
30.0,121.0,2019-08-18T00:00:00+00:00,30.69,180.0,83.29,180.0
30.0,121.0,2019-08-18T03:00:00+00:00,30.84,180.0,97.35,180.0
30.0,121.0,2019-08-18T06:00:00+00:00,30.98,51.05,95.19,51.05
30.0,121.0,2019-08-18T09:00:00+00:00,30.99,61.06,90.0,61.06
30.0,121.0,2019-08-18T12:00:00+00:00,30.94,68.26,72.65,68.26
30.0,121.0,2019-08-18T15:00:00+00:00,30.88,86.22,63.43,86.22
30.0,121.0,2019-08-18T18:00:00+00:00,30.82,80.28,56.31,80.28
30.0,121.0,2019-08-18T21:00:00+00:00,30.76,105.5,66.04,105.5
30.0,122.0,2019-08-18T00:00:00+00:00,29.08,108.26,142.59,108.26
30.0,122.0,2019-08-18T03:00:00+00:00,29.24,104.02,137.73,104.02
30.0,122.0,2019-08-18T06:00:00+00:00,29.4,107.52,142.21,107.52
30.0,122.0,2019-08-18T09:00:00+00:00,29.42,132.04,143.43,132.04
30.0,122.0,2019-08-18T12:00:00+00:00,29.38,106.45,146.51,106.45
30.0,122.0,2019-08-18T15:00:00+00:00,29.34,130.76,147.48,130.76
30.0,122.0,2019-08-18T18:00:00+00:00,29.31,90.66,147.33,90.66
30.0,122.0,2019-08-18T21:00:00+00:00,29.27,89.44,143.87,89.44
30.0,123.0,2019-08-18T00:00:00+00:00,29.02,80.45,202.47,80.45
30.0,123.0,2019-08-18T03:00:00+00:00,29.22,68.49,197.76,68.49
30.0,123.0,2019-08-18T06:00:00+00:00,29.5,85.26,191.02,85.26
30.0,123.0,2019-08-18T09:00:00+00:00,29.47,108.34,186.01,108.34
30.0,123.0,2019-08-18T12:00:00+00:00,29.26,104.48,186.65,104.48
30.0,123.0,2019-08-18T15:00:00+00:00,29.12,95.56,190.2,95.56
30.0,123.0,2019-08-18T18:00:00+00:00,29.01,68.55,197.21,68.55
30.0,123.0,2019-08-18T21:00:00+00:00,28.92,70.77,203.74,70.77
30.0,124.0,2019-08-18T00:00:00+00:00,28.63,45.29,233.0,45.29
30.0,124.0,2019-08-18T03:00:00+00:00,28.86,98.83,225.36,98.83
30.0,124.0,2019-08-18T06:00:00+00:00,29.19,80.61,195.31,80.61
30.0,124.0,2019-08-18T09:00:00+00:00,29.13,83.81,172.69,83.81
30.0,124.0,2019-08-18T12:00:00+00:00,28.93,88.63,177.56,88.63
30.0,124.0,2019-08-18T15:00:00+00:00,28.8,77.84,188.56,77.84
30.0,124.0,2019-08-18T18:00:00+00:00,28.72,63.94,207.28,63.94
30.0,124.0,2019-08-18T21:00:00+00:00,28.66,66.73,228.48,66.73
30.0,125.0,2019-08-18T00:00:00+00:00,28.48,58.74,304.7,58.74
30.0,125.0,2019-08-18T03:00:00+00:00,28.74,76.23,330.48,76.23
30.0,125.0,2019-08-18T06:00:00+00:00,29.14,55.9,5.71,55.9
30.0,125.0,2019-08-18T09:00:00+00:00,29.08,80.85,70.97,80.85
30.0,125.0,2019-08-18T12:00:00+00:00,28.84,82.06,180.0,82.06
30.0,125.0,2019-08-18T15:00:00+00:00,28.7,48.87,252.41,48.87
30.0,125.0,2019-08-18T18:00:00+00:00,28.62,53.15,278.13,53.15
30.0,125.0,2019-08-18T21:00:00+00:00,28.56,46.62,302.76,46.62
30.0,126.0,2019-08-18T00:00:00+00:00,28.33,60.63,287.21,60.63
30.0,126.0,2019-08-18T03:00:00+00:00,28.68,49.08,284.04,49.08
30.0,126.0,2019-08-18T06:00:00+00:00,29.15,49.26,190.49,49.26
30.0,126.0,2019-08-18T09:00:00+00:00,29.16,72.06,179.31,72.06
30.0,126.0,2019-08-18T12:00:00+00:00,28.85,74.64,203.81,74.64
30.0,126.0,2019-08-18T15:00:00+00:00,28.68,48.04,228.22,48.04
30.0,126.0,2019-08-18T18:00:00+00:00,28.58,31.55,250.29,31.55
30.0,126.0,2019-08-18T21:00:00+00:00,28.5,31.85,273.12,31.85
30.0,127.0,2019-08-18T00:00:00+00:00,28.7,41.26,223.21,41.26
30.0,127.0,2019-08-18T03:00:00+00:00,29.1,43.23,187.71,43.23
30.0,127.0,2019-08-18T06:00:00+00:00,29.57,58.25,176.71,58.25
30.0,127.0,2019-08-18T09:00:00+00:00,29.54,47.45,179.2,47.45
30.0,127.0,2019-08-18T12:00:00+00:00,29.2,62.92,192.37,62.92
30.0,127.0,2019-08-18T15:00:00+00:00,29.01,43.03,206.57,43.03
30.0,127.0,2019-08-18T18:00:00+00:00,28.91,44.03,216.7,44.03
30.0,127.0,2019-08-18T21:00:00+00:00,28.84,38.14,220.99,38.14
31.0,121.0,2019-08-18T00:00:00+00:00,30.41,68.33,,
31.0,121.0,2019-08-18T03:00:00+00:00,35.47,180.0,,
31.0,121.0,2019-08-18T06:00:00+00:00,35.14,88.18,,
31.0,121.0,2019-08-18T09:00:00+00:00,30.48,180.0,,
31.0,121.0,2019-08-18T12:00:00+00:00,25.22,180.0,,
31.0,121.0,2019-08-18T15:00:00+00:00,25.0,180.0,,
31.0,121.0,2019-08-18T18:00:00+00:00,24.38,180.0,,
31.0,121.0,2019-08-18T21:00:00+00:00,24.0,180.0,,
31.0,122.0,2019-08-18T00:00:00+00:00,29.35,121.77,146.31,121.77
31.0,122.0,2019-08-18T03:00:00+00:00,29.53,113.93,165.62,113.93
31.0,122.0,2019-08-18T06:00:00+00:00,29.7,99.66,168.52,99.66
31.0,122.0,2019-08-18T09:00:00+00:00,29.7,113.83,171.7,113.83
31.0,122.0,2019-08-18T12:00:00+00:00,29.61,124.48,176.0,124.48
31.0,122.0,2019-08-18T15:00:00+00:00,29.55,105.15,180.57,105.15
31.0,122.0,2019-08-18T18:00:00+00:00,29.5,84.98,182.4,84.98
31.0,122.0,2019-08-18T21:00:00+00:00,29.43,72.82,182.05,72.82
31.0,123.0,2019-08-18T00:00:00+00:00,28.03,83.26,195.98,83.26
31.0,123.0,2019-08-18T03:00:00+00:00,28.3,54.5,186.45,54.5
31.0,123.0,2019-08-18T06:00:00+00:00,28.64,109.06,177.85,109.06
31.0,123.0,2019-08-18T09:00:00+00:00,28.6,85.94,171.72,85.94
31.0,123.0,2019-08-18T12:00:00+00:00,28.35,97.73,173.13,97.73
31.0,123.0,2019-08-18T15:00:00+00:00,28.2,92.9,180.99,92.9
31.0,123.0,2019-08-18T18:00:00+00:00,28.09,65.77,190.93,65.77
31.0,123.0,2019-08-18T21:00:00+00:00,28.0,65.05,198.49,65.05
31.0,124.0,2019-08-18T00:00:00+00:00,27.93,106.79,262.9,106.79
31.0,124.0,2019-08-18T03:00:00+00:00,28.26,60.32,269.25,60.32
31.0,124.0,2019-08-18T06:00:00+00:00,28.58,81.76,247.54,81.76
31.0,124.0,2019-08-18T09:00:00+00:00,28.58,70.04,200.75,70.04
31.0,124.0,2019-08-18T12:00:00+00:00,28.33,89.78,201.09,89.78
31.0,124.0,2019-08-18T15:00:00+00:00,28.19,82.63,214.05,82.63
31.0,124.0,2019-08-18T18:00:00+00:00,28.12,40.69,231.97,40.69
31.0,124.0,2019-08-18T21:00:00+00:00,28.07,59.91,252.14,59.91
31.0,125.0,2019-08-18T00:00:00+00:00,28.0,90.02,302.28,90.02
31.0,125.0,2019-08-18T03:00:00+00:00,28.4,63.66,322.25,63.66
31.0,125.0,2019-08-18T06:00:00+00:00,28.77,57.75,344.54,57.75
31.0,125.0,2019-08-18T09:00:00+00:00,28.82,74.23,186.71,74.23
31.0,125.0,2019-08-18T12:00:00+00:00,28.52,83.14,219.17,83.14
31.0,125.0,2019-08-18T15:00:00+00:00,28.33,87.41,245.01,87.41
31.0,125.0,2019-08-18T18:00:00+00:00,28.23,48.49,268.89,48.49
31.0,125.0,2019-08-18T21:00:00+00:00,28.17,64.18,293.67,64.18
31.0,126.0,2019-08-18T00:00:00+00:00,27.72,56.83,350.18,56.83
31.0,126.0,2019-08-18T03:00:00+00:00,28.25,66.44,78.2,66.44
31.0,126.0,2019-08-18T06:00:00+00:00,28.96,54.87,118.83,54.87
31.0,126.0,2019-08-18T09:00:00+00:00,29.1,75.02,143.21,75.02
31.0,126.0,2019-08-18T12:00:00+00:00,28.6,72.8,172.93,72.8
31.0,126.0,2019-08-18T15:00:00+00:00,28.3,42.54,208.61,42.54
31.0,126.0,2019-08-18T18:00:00+00:00,28.13,41.62,255.58,41.62
31.0,126.0,2019-08-18T21:00:00+00:00,27.99,51.69,325.24,51.69
31.0,127.0,2019-08-18T00:00:00+00:00,28.63,34.58,165.53,34.58
31.0,127.0,2019-08-18T03:00:00+00:00,29.15,70.3,154.92,70.3
31.0,127.0,2019-08-18T06:00:00+00:00,29.87,43.16,155.91,43.16
31.0,127.0,2019-08-18T09:00:00+00:00,29.97,79.46,163.92,79.46
31.0,127.0,2019-08-18T12:00:00+00:00,29.35,46.06,177.29,46.06
31.0,127.0,2019-08-18T15:00:00+00:00,29.04,23.4,187.13,23.4
31.0,127.0,2019-08-18T18:00:00+00:00,28.85,17.51,190.41,17.51
31.0,127.0,2019-08-18T21:00:00+00:00,28.71,22.31,181.52,22.31
32.0,121.0,2019-08-18T00:00:00+00:00,30.8,43.05,315.0,43.05
32.0,121.0,2019-08-18T03:00:00+00:00,30.91,71.81,143.97,71.81
32.0,121.0,2019-08-18T06:00:00+00:00,31.08,63.39,140.19,63.39
32.0,121.0,2019-08-18T09:00:00+00:00,31.1,72.95,135.0,72.95
32.0,121.0,2019-08-18T12:00:00+00:00,31.05,76.77,318.81,76.77
32.0,121.0,2019-08-18T15:00:00+00:00,31.0,180.0,316.97,180.0
32.0,121.0,2019-08-18T18:00:00+00:00,30.94,180.0,318.01,180.0
32.0,121.0,2019-08-18T21:00:00+00:00,30.88,180.0,318.37,180.0
32.0,122.0,2019-08-18T00:00:00+00:00,29.27,39.17,332.88,39.17
32.0,122.0,2019-08-18T03:00:00+00:00,29.45,51.51,97.13,51.51
32.0,122.0,2019-08-18T06:00:00+00:00,29.63,66.21,148.8,66.21
32.0,122.0,2019-08-18T09:00:00+00:00,29.63,64.28,158.65,64.28
32.0,122.0,2019-08-18T12:00:00+00:00,29.57,70.3,163.17,70.3
32.0,122.0,2019-08-18T15:00:00+00:00,29.56,64.75,166.24,64.75
32.0,122.0,2019-08-18T18:00:00+00:00,29.58,65.86,168.26,65.86
32.0,122.0,2019-08-18T21:00:00+00:00,29.58,41.71,168.59,41.71
32.0,123.0,2019-08-18T00:00:00+00:00,27.17,34.92,298.11,34.92
32.0,123.0,2019-08-18T03:00:00+00:00,27.56,51.9,5.36,51.9
32.0,123.0,2019-08-18T06:00:00+00:00,27.89,51.82,105.26,51.82
32.0,123.0,2019-08-18T09:00:00+00:00,27.84,48.13,145.56,48.13
32.0,123.0,2019-08-18T12:00:00+00:00,27.6,47.85,172.97,47.85
32.0,123.0,2019-08-18T15:00:00+00:00,27.46,44.97,195.2,44.97
32.0,123.0,2019-08-18T18:00:00+00:00,27.38,40.31,218.72,40.31
32.0,123.0,2019-08-18T21:00:00+00:00,27.33,26.42,246.73,26.42
32.0,124.0,2019-08-18T00:00:00+00:00,27.08,11.73,237.03,11.73
32.0,124.0,2019-08-18T03:00:00+00:00,27.51,20.86,157.58,20.86
32.0,124.0,2019-08-18T06:00:00+00:00,27.97,44.12,162.23,44.12
32.0,124.0,2019-08-18T09:00:00+00:00,27.95,25.24,177.9,25.24
32.0,124.0,2019-08-18T12:00:00+00:00,27.61,28.67,196.49,28.67
32.0,124.0,2019-08-18T15:00:00+00:00,27.42,33.52,214.2,33.52
32.0,124.0,2019-08-18T18:00:00+00:00,27.31,24.6,235.33,24.6
32.0,124.0,2019-08-18T21:00:00+00:00,27.23,18.28,262.6,18.28
32.0,125.0,2019-08-18T00:00:00+00:00,27.74,325.88,251.22,325.88
32.0,125.0,2019-08-18T03:00:00+00:00,28.19,277.74,180.0,277.74
32.0,125.0,2019-08-18T06:00:00+00:00,28.8,301.26,176.51,301.26
32.0,125.0,2019-08-18T09:00:00+00:00,28.9,320.85,190.42,320.85
32.0,125.0,2019-08-18T12:00:00+00:00,28.37,12.17,211.43,12.17
32.0,125.0,2019-08-18T15:00:00+00:00,28.12,9.92,231.82,9.92
32.0,125.0,2019-08-18T18:00:00+00:00,27.98,17.16,254.05,17.16
32.0,125.0,2019-08-18T21:00:00+00:00,27.89,23.37,279.23,23.37
32.0,126.0,2019-08-18T00:00:00+00:00,27.54,154.21,128.0,154.21
32.0,126.0,2019-08-18T03:00:00+00:00,28.18,332.43,131.26,332.43
32.0,126.0,2019-08-18T06:00:00+00:00,29.04,252.14,141.37,252.14
32.0,126.0,2019-08-18T09:00:00+00:00,29.27,195.39,152.3,195.39
32.0,126.0,2019-08-18T12:00:00+00:00,28.72,188.08,154.01,188.08
32.0,126.0,2019-08-18T15:00:00+00:00,28.21,317.0,154.87,317.0
32.0,126.0,2019-08-18T18:00:00+00:00,27.98,6.79,148.32,6.79
32.0,126.0,2019-08-18T21:00:00+00:00,27.82,16.9,133.35,16.9
32.0,127.0,2019-08-18T00:00:00+00:00,28.36,74.3,123.8,74.3
32.0,127.0,2019-08-18T03:00:00+00:00,29.04,41.15,127.37,41.15
32.0,127.0,2019-08-18T06:00:00+00:00,29.88,347.95,139.19,347.95
32.0,127.0,2019-08-18T09:00:00+00:00,30.04,32.44,149.94,32.44
32.0,127.0,2019-08-18T12:00:00+00:00,29.28,274.8,157.9,274.8
32.0,127.0,2019-08-18T15:00:00+00:00,28.84,321.0,159.3,321.0
32.0,127.0,2019-08-18T18:00:00+00:00,28.63,333.91,152.01,333.91
32.0,127.0,2019-08-18T21:00:00+00:00,28.5,9.09,138.69,9.09
33.0,121.0,2019-08-18T00:00:00+00:00,28.96,82.3,162.15,82.3
33.0,121.0,2019-08-18T03:00:00+00:00,29.09,80.65,164.95,80.65
33.0,121.0,2019-08-18T06:00:00+00:00,29.36,95.44,165.96,95.44
33.0,121.0,2019-08-18T09:00:00+00:00,29.38,91.73,165.58,91.73
33.0,121.0,2019-08-18T12:00:00+00:00,29.25,70.67,169.16,70.67
33.0,121.0,2019-08-18T15:00:00+00:00,29.2,81.37,170.58,81.37
33.0,121.0,2019-08-18T18:00:00+00:00,29.16,74.56,171.11,74.56
33.0,121.0,2019-08-18T21:00:00+00:00,29.11,75.71,170.41,75.71
33.0,122.0,2019-08-18T00:00:00+00:00,27.47,69.57,23.85,69.57
33.0,122.0,2019-08-18T03:00:00+00:00,27.75,69.07,48.52,69.07
33.0,122.0,2019-08-18T06:00:00+00:00,28.05,80.08,93.85,80.08
33.0,122.0,2019-08-18T09:00:00+00:00,28.01,59.18,135.76,59.18
33.0,122.0,2019-08-18T12:00:00+00:00,27.83,46.47,159.78,46.47
33.0,122.0,2019-08-18T15:00:00+00:00,27.69,58.07,173.46,58.07
33.0,122.0,2019-08-18T18:00:00+00:00,27.57,50.85,183.99,50.85
33.0,122.0,2019-08-18T21:00:00+00:00,27.46,56.89,190.79,56.89
33.0,123.0,2019-08-18T00:00:00+00:00,27.02,51.52,64.44,51.52
33.0,123.0,2019-08-18T03:00:00+00:00,27.42,41.77,84.63,41.77
33.0,123.0,2019-08-18T06:00:00+00:00,27.71,59.69,110.32,59.69
33.0,123.0,2019-08-18T09:00:00+00:00,27.68,19.4,131.7,19.4
33.0,123.0,2019-08-18T12:00:00+00:00,27.41,26.03,147.18,26.03
33.0,123.0,2019-08-18T15:00:00+00:00,27.25,29.09,161.57,29.09
33.0,123.0,2019-08-18T18:00:00+00:00,27.13,40.07,179.18,40.07
33.0,123.0,2019-08-18T21:00:00+00:00,27.05,20.99,170.13,20.99
33.0,124.0,2019-08-18T00:00:00+00:00,27.31,34.06,99.9,34.06
33.0,124.0,2019-08-18T03:00:00+00:00,27.77,24.13,111.22,24.13
33.0,124.0,2019-08-18T06:00:00+00:00,28.1,14.69,131.24,14.69
33.0,124.0,2019-08-18T09:00:00+00:00,28.13,13.9,148.28,13.9
33.0,124.0,2019-08-18T12:00:00+00:00,27.82,12.73,154.8,12.73
33.0,124.0,2019-08-18T15:00:00+00:00,27.61,14.88,159.59,14.88
33.0,124.0,2019-08-18T18:00:00+00:00,27.5,34.57,158.2,34.57
33.0,124.0,2019-08-18T21:00:00+00:00,27.42,8.12,30.14,8.12
33.0,125.0,2019-08-18T00:00:00+00:00,27.54,358.74,162.15,358.74
33.0,125.0,2019-08-18T03:00:00+00:00,28.1,23.58,159.95,23.58
33.0,125.0,2019-08-18T06:00:00+00:00,28.76,26.67,165.09,26.67
33.0,125.0,2019-08-18T09:00:00+00:00,28.87,13.86,172.51,13.86
33.0,125.0,2019-08-18T12:00:00+00:00,28.3,22.5,177.1,22.5
33.0,125.0,2019-08-18T15:00:00+00:00,27.99,14.14,177.78,14.14
33.0,125.0,2019-08-18T18:00:00+00:00,27.82,13.45,176.24,13.45
33.0,125.0,2019-08-18T21:00:00+00:00,27.72,2.61,161.88,2.61
33.0,126.0,2019-08-18T00:00:00+00:00,27.41,334.42,145.28,334.42
33.0,126.0,2019-08-18T03:00:00+00:00,28.0,355.26,147.77,355.26
33.0,126.0,2019-08-18T06:00:00+00:00,28.78,343.57,157.4,343.57
33.0,126.0,2019-08-18T09:00:00+00:00,28.97,345.38,170.16,345.38
33.0,126.0,2019-08-18T12:00:00+00:00,28.51,356.56,175.78,356.56
33.0,126.0,2019-08-18T15:00:00+00:00,28.05,351.17,174.5,351.17
33.0,126.0,2019-08-18T18:00:00+00:00,27.78,357.48,164.4,357.48
33.0,126.0,2019-08-18T21:00:00+00:00,27.6,354.8,155.19,354.8
33.0,127.0,2019-08-18T00:00:00+00:00,27.51,235.35,196.26,235.35
33.0,127.0,2019-08-18T03:00:00+00:00,28.2,185.41,181.66,185.41
33.0,127.0,2019-08-18T06:00:00+00:00,29.03,231.84,188.09,231.84
33.0,127.0,2019-08-18T09:00:00+00:00,29.16,227.31,202.92,227.31
33.0,127.0,2019-08-18T12:00:00+00:00,28.5,330.81,226.49,330.81
33.0,127.0,2019-08-18T15:00:00+00:00,27.97,3.57,244.45,3.57
33.0,127.0,2019-08-18T18:00:00+00:00,27.73,4.99,249.73,4.99
33.0,127.0,2019-08-18T21:00:00+00:00,27.6,10.99,227.25,10.99
34.0,121.0,2019-08-18T00:00:00+00:00,28.51,62.31,158.92,62.31
34.0,121.0,2019-08-18T03:00:00+00:00,28.69,94.53,164.53,94.53
34.0,121.0,2019-08-18T06:00:00+00:00,28.92,119.92,168.29,119.92
34.0,121.0,2019-08-18T09:00:00+00:00,28.92,113.07,168.02,113.07
34.0,121.0,2019-08-18T12:00:00+00:00,28.86,69.4,168.83,69.4
34.0,121.0,2019-08-18T15:00:00+00:00,28.85,90.94,169.99,90.94
34.0,121.0,2019-08-18T18:00:00+00:00,28.84,73.8,169.98,73.8
34.0,121.0,2019-08-18T21:00:00+00:00,28.82,84.48,166.11,84.48
34.0,122.0,2019-08-18T00:00:00+00:00,27.34,60.35,275.59,60.35
34.0,122.0,2019-08-18T03:00:00+00:00,27.57,62.61,239.04,62.61
34.0,122.0,2019-08-18T06:00:00+00:00,27.9,31.37,221.74,31.37
34.0,122.0,2019-08-18T09:00:00+00:00,27.86,21.35,219.05,21.35
34.0,122.0,2019-08-18T12:00:00+00:00,27.75,12.58,217.28,12.58
34.0,122.0,2019-08-18T15:00:00+00:00,27.66,55.76,218.84,55.76
34.0,122.0,2019-08-18T18:00:00+00:00,27.6,55.07,228.18,55.07
34.0,122.0,2019-08-18T21:00:00+00:00,27.55,55.26,240.61,55.26
34.0,123.0,2019-08-18T00:00:00+00:00,27.06,36.98,339.85,36.98
34.0,123.0,2019-08-18T03:00:00+00:00,27.31,12.77,28.84,12.77
34.0,123.0,2019-08-18T06:00:00+00:00,27.62,10.17,95.57,10.17
34.0,123.0,2019-08-18T09:00:00+00:00,27.6,354.03,160.59,354.03
34.0,123.0,2019-08-18T12:00:00+00:00,27.36,6.22,196.2,6.22
34.0,123.0,2019-08-18T15:00:00+00:00,27.2,27.73,224.11,27.73
34.0,123.0,2019-08-18T18:00:00+00:00,27.09,14.68,252.35,14.68
34.0,123.0,2019-08-18T21:00:00+00:00,27.0,25.35,284.31,25.35
34.0,124.0,2019-08-18T00:00:00+00:00,26.82,14.34,321.69,14.34
34.0,124.0,2019-08-18T03:00:00+00:00,27.21,315.77,350.42,315.77
34.0,124.0,2019-08-18T06:00:00+00:00,27.59,340.89,102.99,340.89
34.0,124.0,2019-08-18T09:00:00+00:00,27.67,345.01,203.29,345.01
34.0,124.0,2019-08-18T12:00:00+00:00,27.31,352.23,228.98,352.23
34.0,124.0,2019-08-18T15:00:00+00:00,27.05,358.67,253.43,358.67
34.0,124.0,2019-08-18T18:00:00+00:00,26.9,357.22,279.65,357.22
34.0,124.0,2019-08-18T21:00:00+00:00,26.8,5.85,306.75,5.85
34.0,125.0,2019-08-18T00:00:00+00:00,26.62,10.55,139.57,10.55
34.0,125.0,2019-08-18T03:00:00+00:00,27.23,351.8,167.01,351.8
34.0,125.0,2019-08-18T06:00:00+00:00,27.94,327.63,192.49,327.63
34.0,125.0,2019-08-18T09:00:00+00:00,28.19,339.72,213.98,339.72
34.0,125.0,2019-08-18T12:00:00+00:00,27.49,359.23,234.3,359.23
34.0,125.0,2019-08-18T15:00:00+00:00,27.08,10.03,260.33,10.03
34.0,125.0,2019-08-18T18:00:00+00:00,26.89,19.45,288.74,19.45
34.0,125.0,2019-08-18T21:00:00+00:00,26.77,0.2,321.01,0.2
34.0,126.0,2019-08-18T00:00:00+00:00,26.26,358.7,281.35,358.7
34.0,126.0,2019-08-18T03:00:00+00:00,26.94,0.56,274.01,0.56
34.0,126.0,2019-08-18T06:00:00+00:00,27.59,336.13,271.18,336.13
34.0,126.0,2019-08-18T09:00:00+00:00,27.6,334.63,272.45,334.63
34.0,126.0,2019-08-18T12:00:00+00:00,26.86,338.31,276.13,338.31
34.0,126.0,2019-08-18T15:00:00+00:00,26.58,346.37,277.31,346.37
34.0,126.0,2019-08-18T18:00:00+00:00,26.43,355.52,278.55,355.52
34.0,126.0,2019-08-18T21:00:00+00:00,26.33,359.21,281.08,359.21
34.0,127.0,2019-08-18T00:00:00+00:00,26.45,337.09,262.26,337.09
34.0,127.0,2019-08-18T03:00:00+00:00,27.04,356.95,257.92,356.95
34.0,127.0,2019-08-18T06:00:00+00:00,27.62,284.94,250.27,284.94
34.0,127.0,2019-08-18T09:00:00+00:00,27.29,265.23,248.62,265.23
34.0,127.0,2019-08-18T12:00:00+00:00,26.89,298.69,254.08,298.69
34.0,127.0,2019-08-18T15:00:00+00:00,26.69,311.6,259.15,311.6
34.0,127.0,2019-08-18T18:00:00+00:00,26.57,318.45,261.21,318.45
34.0,127.0,2019-08-18T21:00:00+00:00,26.47,324.11,258.78,324.11
35.0,121.0,2019-08-18T00:00:00+00:00,26.37,15.51,266.99,15.51
35.0,121.0,2019-08-18T03:00:00+00:00,26.72,52.8,217.09,52.8
35.0,121.0,2019-08-18T06:00:00+00:00,27.02,246.68,191.62,246.68
35.0,121.0,2019-08-18T09:00:00+00:00,26.97,301.61,193.56,301.61
35.0,121.0,2019-08-18T12:00:00+00:00,26.78,306.41,200.75,306.41
35.0,121.0,2019-08-18T15:00:00+00:00,26.67,248.26,209.65,248.26
35.0,121.0,2019-08-18T18:00:00+00:00,26.59,267.07,223.17,267.07
35.0,121.0,2019-08-18T21:00:00+00:00,26.53,313.21,235.19,313.21
35.0,122.0,2019-08-18T00:00:00+00:00,25.85,356.63,2.7,356.63
35.0,122.0,2019-08-18T03:00:00+00:00,26.18,18.18,81.57,18.18
35.0,122.0,2019-08-18T06:00:00+00:00,26.54,313.34,163.76,313.34
35.0,122.0,2019-08-18T09:00:00+00:00,26.51,293.05,201.65,293.05
35.0,122.0,2019-08-18T12:00:00+00:00,26.3,302.33,228.52,302.33
35.0,122.0,2019-08-18T15:00:00+00:00,26.2,282.36,253.67,282.36
35.0,122.0,2019-08-18T18:00:00+00:00,26.14,298.95,282.95,298.95
35.0,122.0,2019-08-18T21:00:00+00:00,26.09,313.57,329.29,313.57
35.0,123.0,2019-08-18T00:00:00+00:00,25.45,339.61,359.73,339.61
35.0,123.0,2019-08-18T03:00:00+00:00,25.82,354.85,59.24,354.85
35.0,123.0,2019-08-18T06:00:00+00:00,26.3,351.0,142.36,351.0
35.0,123.0,2019-08-18T09:00:00+00:00,26.37,330.24,195.09,330.24
35.0,123.0,2019-08-18T12:00:00+00:00,26.01,338.78,229.81,338.78
35.0,123.0,2019-08-18T15:00:00+00:00,25.83,348.05,262.47,348.05
35.0,123.0,2019-08-18T18:00:00+00:00,25.73,324.68,295.79,324.68
35.0,123.0,2019-08-18T21:00:00+00:00,25.66,346.0,336.1,346.0
35.0,124.0,2019-08-18T00:00:00+00:00,25.79,0.47,60.73,0.47
35.0,124.0,2019-08-18T03:00:00+00:00,26.11,343.6,118.03,343.6
35.0,124.0,2019-08-18T06:00:00+00:00,26.59,359.57,159.04,359.57
35.0,124.0,2019-08-18T09:00:00+00:00,26.73,352.52,192.61,352.52
35.0,124.0,2019-08-18T12:00:00+00:00,26.4,354.16,220.34,354.16
35.0,124.0,2019-08-18T15:00:00+00:00,26.17,358.28,252.27,358.28
35.0,124.0,2019-08-18T18:00:00+00:00,26.06,336.28,307.57,336.28
35.0,124.0,2019-08-18T21:00:00+00:00,25.99,3.74,49.97,3.74
35.0,125.0,2019-08-18T00:00:00+00:00,25.93,326.06,20.32,326.06
35.0,125.0,2019-08-18T03:00:00+00:00,26.19,251.64,66.04,251.64
35.0,125.0,2019-08-18T06:00:00+00:00,26.74,316.62,128.37,316.62
35.0,125.0,2019-08-18T09:00:00+00:00,27.09,344.88,212.35,344.88
35.0,125.0,2019-08-18T12:00:00+00:00,26.6,11.5,256.11,11.5
35.0,125.0,2019-08-18T15:00:00+00:00,26.28,14.43,290.03,14.43
35.0,125.0,2019-08-18T18:00:00+00:00,26.16,1.52,319.59,1.52
35.0,125.0,2019-08-18T21:00:00+00:00,26.09,0.7,348.44,0.7
35.0,126.0,2019-08-18T00:00:00+00:00,26.81,225.33,15.04,225.33
35.0,126.0,2019-08-18T03:00:00+00:00,27.07,226.82,27.54,226.82
35.0,126.0,2019-08-18T06:00:00+00:00,27.59,292.36,39.81,292.36
35.0,126.0,2019-08-18T09:00:00+00:00,27.85,323.06,55.3,323.06
35.0,126.0,2019-08-18T12:00:00+00:00,27.5,347.45,108.43,347.45
35.0,126.0,2019-08-18T15:00:00+00:00,27.21,1.87,147.99,1.87
35.0,126.0,2019-08-18T18:00:00+00:00,27.1,356.65,172.87,356.65
35.0,126.0,2019-08-18T21:00:00+00:00,27.03,356.18,360.0,356.18
35.0,127.0,2019-08-18T00:00:00+00:00,26.41,,,
35.0,127.0,2019-08-18T03:00:00+00:00,32.67,,,
35.0,127.0,2019-08-18T06:00:00+00:00,31.14,,,
35.0,127.0,2019-08-18T09:00:00+00:00,25.18,,,
35.0,127.0,2019-08-18T12:00:00+00:00,18.02,,,
35.0,127.0,2019-08-18T15:00:00+00:00,17.4,,,
35.0,127.0,2019-08-18T18:00:00+00:00,17.08,,,
35.0,127.0,2019-08-18T21:00:00+00:00,16.5,,,
36.0,121.0,2019-08-18T00:00:00+00:00,26.83,5.53,210.2,5.53
36.0,121.0,2019-08-18T03:00:00+00:00,27.03,358.28,211.94,358.28
36.0,121.0,2019-08-18T06:00:00+00:00,27.33,201.7,216.33,201.7
36.0,121.0,2019-08-18T09:00:00+00:00,27.32,230.62,218.94,230.62
36.0,121.0,2019-08-18T12:00:00+00:00,27.13,241.47,224.81,241.47
36.0,121.0,2019-08-18T15:00:00+00:00,27.06,272.12,227.83,272.12
36.0,121.0,2019-08-18T18:00:00+00:00,27.02,297.72,232.25,297.72
36.0,121.0,2019-08-18T21:00:00+00:00,27.0,334.26,232.24,334.26
36.0,122.0,2019-08-18T00:00:00+00:00,25.36,0.92,217.69,0.92
36.0,122.0,2019-08-18T03:00:00+00:00,25.63,344.92,216.67,344.92
36.0,122.0,2019-08-18T06:00:00+00:00,26.04,248.95,220.24,248.95
36.0,122.0,2019-08-18T09:00:00+00:00,26.02,228.27,219.45,228.27
36.0,122.0,2019-08-18T12:00:00+00:00,25.78,228.3,222.61,228.3
36.0,122.0,2019-08-18T15:00:00+00:00,25.66,241.73,229.34,241.73
36.0,122.0,2019-08-18T18:00:00+00:00,25.59,262.92,241.73,262.92
36.0,122.0,2019-08-18T21:00:00+00:00,25.55,300.73,252.65,300.73
36.0,123.0,2019-08-18T00:00:00+00:00,25.32,0.49,15.38,0.49
36.0,123.0,2019-08-18T03:00:00+00:00,25.56,14.13,116.57,14.13
36.0,123.0,2019-08-18T06:00:00+00:00,26.0,286.11,198.9,286.11
36.0,123.0,2019-08-18T09:00:00+00:00,26.05,279.59,226.71,279.59
36.0,123.0,2019-08-18T12:00:00+00:00,25.78,232.27,251.71,232.27
36.0,123.0,2019-08-18T15:00:00+00:00,25.64,258.68,276.1,258.68
36.0,123.0,2019-08-18T18:00:00+00:00,25.56,274.06,300.72,274.06
36.0,123.0,2019-08-18T21:00:00+00:00,25.5,202.78,332.88,202.78
36.0,124.0,2019-08-18T00:00:00+00:00,25.54,335.45,39.29,335.45
36.0,124.0,2019-08-18T03:00:00+00:00,25.65,5.94,142.62,5.94
36.0,124.0,2019-08-18T06:00:00+00:00,25.98,3.48,179.68,3.48
36.0,124.0,2019-08-18T09:00:00+00:00,26.08,336.8,207.99,336.8
36.0,124.0,2019-08-18T12:00:00+00:00,25.85,313.76,235.98,313.76
36.0,124.0,2019-08-18T15:00:00+00:00,25.74,300.64,262.57,300.64
36.0,124.0,2019-08-18T18:00:00+00:00,25.67,314.83,295.89,314.83
36.0,124.0,2019-08-18T21:00:00+00:00,25.63,314.78,29.74,314.78
36.0,125.0,2019-08-18T00:00:00+00:00,25.98,328.76,336.37,328.76
36.0,125.0,2019-08-18T03:00:00+00:00,26.13,4.66,315.0,4.66
36.0,125.0,2019-08-18T06:00:00+00:00,26.53,340.36,227.56,340.36
36.0,125.0,2019-08-18T09:00:00+00:00,26.6,325.86,245.49,325.86
36.0,125.0,2019-08-18T12:00:00+00:00,26.33,348.01,275.0,348.01
36.0,125.0,2019-08-18T15:00:00+00:00,26.17,345.97,302.94,345.97
36.0,125.0,2019-08-18T18:00:00+00:00,26.09,338.02,322.51,338.02
36.0,125.0,2019-08-18T21:00:00+00:00,26.03,344.69,338.2,344.69
36.0,126.0,2019-08-18T00:00:00+00:00,25.73,351.93,2.6,351.93
36.0,126.0,2019-08-18T03:00:00+00:00,25.97,73.44,339.23,73.44
36.0,126.0,2019-08-18T06:00:00+00:00,26.57,304.69,272.86,304.69
36.0,126.0,2019-08-18T09:00:00+00:00,26.79,324.86,280.41,324.86
36.0,126.0,2019-08-18T12:00:00+00:00,26.37,336.09,299.29,336.09
36.0,126.0,2019-08-18T15:00:00+00:00,26.1,355.76,309.43,355.76
36.0,126.0,2019-08-18T18:00:00+00:00,25.92,3.83,315.0,3.83
36.0,126.0,2019-08-18T21:00:00+00:00,25.78,1.41,328.28,1.41
36.0,127.0,2019-08-18T00:00:00+00:00,26.31,,,
36.0,127.0,2019-08-18T03:00:00+00:00,31.27,,,
36.0,127.0,2019-08-18T06:00:00+00:00,29.34,,,
36.0,127.0,2019-08-18T09:00:00+00:00,24.88,,,
36.0,127.0,2019-08-18T12:00:00+00:00,17.92,,,
36.0,127.0,2019-08-18T15:00:00+00:00,17.4,,,
36.0,127.0,2019-08-18T18:00:00+00:00,18.38,,,
36.0,127.0,2019-08-18T21:00:00+00:00,17.7,,,
